{
  "project_info": {
    "project_number": "374779252465",
    "project_id": "eateasy2",
    "storage_bucket": "eateasy2.appspot.com"
  },
  "client": [
    {
      "client_info": {
        "mobilesdk_app_id": "1:374779252465:android:a004dc1a0c9b7ac8c4a350",
        "android_client_info": {
          "package_name": "com.i.eateasy2"
        }
      },
      "oauth_client": [
        {
          "client_id": "374779252465-vb2ptkfdlghn621r196g91jo7tgt4a74.apps.googleusercontent.com",
          "client_type": 3
        }
      ],
      "api_key": [
        {
          "current_key": "AIzaSyBAxtY43ItJmewv-c-Q5fxilkgFKRFZGf8"
        }
      ],
      "services": {
        "appinvite_service": {
          "other_platform_oauth_client": [
            {
              "client_id": "374779252465-vb2ptkfdlghn621r196g91jo7tgt4a74.apps.googleusercontent.com",
              "client_type": 3
            }
          ]
        }
      }
    }
  ],
  "configuration_version": "1"
}